,index,INSTNM,MD_EARN_WNE_P10,CCBASIC,CCSIZSET,CCUGPROF,TUITIONFEE_OUT,APPL_SCH_PCT_GE5,FEMALE,PFTFTUG1_EF,GT_THRESHOLD_1YR,VETERAN,MARRIED,COMPL_RPY_1YR_RT,COMP_ORIG_YR6_RT,DEP_COMP_ORIG_YR4_RT,WDRAW_ORIG_YR2_RT,NOT1STGEN_COMP_ORIG_YR2_RT,UG25ABV
0,2389,North Dakota State University-Main Campus,62203.0,15.0,17.0,12.0,15646.0,0.0572347267,0.4788853162,0.8132,2654.0,0.0032154341,0.024437299,0.8888483965,0.576386269332,0.578947368421,0.152141247183,0.139123750961,0.0636
1,3149,Houston Community College,39254.0,1.0,5.0,1.0,5460.0,0.1327804237,0.5942272951,0.3507,1111.0,0.0073493184,0.1243225489,0.3841131665,0.143000286287,0.130862961108,0.486627301146,0.106370192308,0.3921
2,3690,Aviation Institute of Maintenance-Philadelphia,42785.0,-2.0,-2.0,-2.0,16757.0,0.0415754923,0.0853391685,1.0,81.0,0.0240700219,0.1378555799,0.2555066079,0.470338983051,0.372549019608,0.461538461538,0.5,0.5331
